{
  "total_analyses": 2,
  "total_cvs": 12,
  "analyses_history": [
    {
      "timestamp": "2025-09-12T13:15:55.207839",
      "job_description_length": 9,
      "num_cvs": 6,
      "results": [
        [
          "cv_Yassine.pdf",
          0.263262
        ],
        [
          "cv_Hamza.pdf",
          0.25806
        ],
        [
          "cv_Adam.pdf",
          0.211242
        ],
        [
          "cv_Ali.pdf",
          0.211242
        ],
        [
          "cv_Hafsa.pdf",
          0.144800271
        ],
        [
          "cv_Sophia.pdf",
          0.12964200000000003
        ]
      ],
      "processing_time": 0,
      "best_score": 0.263262,
      "avg_score": 0.20304137850000004
    },
    {
      "timestamp": "2025-09-16T06:07:04.807973",
      "job_description_length": 2,
      "num_cvs": 6,
      "results": [],
      "processing_time": 0,
      "best_score": 0,
      "avg_score": 0
    }
  ],
  "cv_database": {},
  "performance_metrics": {
    "avg_processing_time": 0.0,
    "accuracy_rate": 0.989693549654205,
    "user_satisfaction": 0
  }
}