{
  "fr": {
    "nav": {
      "home": "Accueil",
      "home_subtitle": "Page principale",
      "dashboard": "Tableau de Bord",
      "dashboard_subtitle": "Vue d'ensemble",
      "new_analysis": "Nouvelle Analyse",
      "analysis_subtitle": "Analyser des CVs",
      "processed_cvs": "CVs Traités",
      "cvs_subtitle": "Historique des analyses",
      "configuration": "Configuration",
      "config_subtitle": "Paramètres"
    },
    "auth": {
      "login": "Connexion",
      "register": "S'inscrire",
      "email": "Email",
      "password": "Mot de passe",
      "confirm_password": "Confirmer le mot de passe",
      "forgot_password": "Mot de passe oublié ?",
      "remember_me": "Se souvenir de moi",
      "login_button": "Se connecter",
      "register_button": "Créer un compte",
      "social_login": "Ou continuer avec",
      "no_account": "Pas de compte ?",
      "has_account": "Déjà un compte ?",
      "sign_up": "S'inscrire",
      "sign_in": "Se connecter"
    },
    "dashboard": {
      "title": "Tableau de Bord",
      "subtitle": "Vue d'ensemble de vos analyses et statistiques",
      "analyses_performed": "Analyses Effectuées",
      "processed_cvs": "CVs Traités",
      "average_score": "Score Moyen",
      "success_rate": "Taux de Réussite",
      "this_week": "cette semaine",
      "analysis_trend": "Tendance des Analyses",
      "score_distribution": "Distribution des Scores",
      "quick_actions": "Actions Rapides",
      "new_analysis": "Nouvelle Analyse",
      "view_history": "Voir l'historique",
      "export_data": "Exporter les données",
      "recent_analyses": "Analyses Récentes",
      "no_analyses": "Aucune analyse récente",
      "view_all": "Voir tout"
    },
    "analysis": {
      "title": "Nouvelle Analyse",
      "subtitle": "Analyser des CVs avec l'IA en 4 étapes simples",
      "step1_title": "Saisie de l'offre d'emploi",
      "step1_description": "Décrivez le poste à pourvoir en détail. Plus votre description est précise, plus l'analyse sera pertinente.",
      "step2_title": "Importation des CVs",
      "step2_description": "Téléchargez les CVs à analyser. Formats acceptés : PDF, DOC, DOCX",
      "step3_title": "Vérification des données",
      "step3_description": "Vérifiez que toutes les informations sont correctes avant de lancer l'analyse",
      "step4_title": "Résultats de l'analyse",
      "step4_description": "Consultez les résultats détaillés de l'analyse de vos CVs",
      "job_title": "Titre du poste",
      "job_title_placeholder": "Ex: Data Scientist Senior",
      "job_description": "Description du poste",
      "job_description_placeholder": "Décrivez les missions, responsabilités, compétences requises, expérience souhaitée...",
      "job_skills": "Compétences clés",
      "job_skills_placeholder": "Ex: Python, Machine Learning, SQL, TensorFlow (séparées par des virgules)",
      "job_experience": "Niveau d'expérience",
      "experience_levels": {
        "select": "Sélectionner le niveau",
        "junior": "Junior (0-2 ans)",
        "intermediate": "Intermédiaire (2-5 ans)",
        "senior": "Senior (5-10 ans)",
        "expert": "Expert (10+ ans)"
      },
      "upload_files": "Télécharger des fichiers",
      "drag_drop": "Glissez-déposez vos fichiers ici ou cliquez pour sélectionner",
      "supported_formats": "Formats supportés : PDF, DOC, DOCX",
      "max_files": "Maximum 10 fichiers",
      "file_size_limit": "Taille max : 5MB par fichier",
      "next": "Suivant",
      "previous": "Précédent",
      "analyze": "Analyser",
      "export_results": "Exporter les résultats",
      "new_analysis": "Nouvelle analyse",
      "view_cv": "Voir le CV",
      "details": "Détails",
      "score": "Score",
      "status": "Statut",
      "excellent": "Excellent",
      "very_good": "Très bon",
      "good": "Bon",
      "average": "Moyen",
      "poor": "Faible"
    },
    "profile": {
      "administrator": "Administrateur",
      "ministry": "Ministère des Finances",
      "edit": "Modifier le profil",
      "change_password": "Changer le mot de passe",
      "settings": "Paramètres",
      "logout": "Déconnexion",
      "personal_info": "Informations Personnelles",
      "security": "Sécurité",
      "fullname": "Nom complet",
      "department": "Département",
      "position": "Poste",
      "phone": "Téléphone",
      "two_factor": "Authentification à deux facteurs",
      "sessions": "Sessions actives",
      "enable": "Activer",
      "manage": "Gérer",
      "delete_account": "Supprimer le compte",
      "change_photo": "Changer la photo",
      "last_modified": "Dernière modification",
      "days_ago": "Il y a 30 jours",
      "secure_account": "Sécurisez votre compte avec 2FA",
      "manage_connections": "Gérez vos connexions actives",
      "danger_zone": "Zone de danger",
      "irreversible_actions": "Actions irréversibles qui affecteront votre compte"
    },
    "config": {
      "title": "Configuration",
      "subtitle": "Paramètres de l'application et préférences utilisateur",
      "theme": "Thème",
      "language": "Langue",
      "language_description": "Sélectionnez la langue de l'interface",
      "notifications": "Notifications",
      "notifications_description": "Configurez vos préférences de notification",
      "email_notifications": "Notifications par email",
      "push_notifications": "Notifications push",
      "privacy": "Confidentialité",
      "danger_zone": "Zone de danger",
      "delete_history": "Supprimer l'historique",
      "reset_site": "Réinitialiser le site",
      "confirm_delete": "Êtes-vous sûr de vouloir supprimer l'historique ?",
      "confirm_reset": "Êtes-vous sûr de vouloir réinitialiser le site ?",
      "history_deleted": "Historique supprimé avec succès",
      "site_reset": "Site réinitialisé avec succès"
    },
    "lang": {
      "fr": "Français",
      "en": "English"
    },
    "common": {
      "save": "Enregistrer",
      "cancel": "Annuler",
      "delete": "Supprimer",
      "edit": "Modifier",
      "close": "Fermer",
      "confirm": "Confirmer",
      "loading": "Chargement...",
      "error": "Erreur",
      "success": "Succès",
      "warning": "Attention",
      "info": "Information"
    },
    "themes": {
      "light": "Clair",
      "dark": "Sombre",
      "auto": "Automatique"
    }
  },
  "en": {
    "nav": {
      "home": "Home",
      "home_subtitle": "Main page",
      "dashboard": "Dashboard",
      "dashboard_subtitle": "Overview",
      "new_analysis": "New Analysis",
      "analysis_subtitle": "Analyze CVs",
      "processed_cvs": "Processed CVs",
      "cvs_subtitle": "Analysis history",
      "configuration": "Configuration",
      "config_subtitle": "Settings"
    },
    "auth": {
      "login": "Login",
      "register": "Register",
      "email": "Email",
      "password": "Password",
      "confirm_password": "Confirm password",
      "forgot_password": "Forgot password?",
      "remember_me": "Remember me",
      "login_button": "Sign in",
      "register_button": "Create account",
      "social_login": "Or continue with",
      "no_account": "No account?",
      "has_account": "Already have an account?",
      "sign_up": "Sign up",
      "sign_in": "Sign in"
    },
    "dashboard": {
      "title": "Dashboard",
      "subtitle": "Overview of your analyses and statistics",
      "analyses_performed": "Analyses Performed",
      "processed_cvs": "Processed CVs",
      "average_score": "Average Score",
      "success_rate": "Success Rate",
      "this_week": "this week",
      "analysis_trend": "Analysis Trend",
      "score_distribution": "Score Distribution",
      "quick_actions": "Quick Actions",
      "new_analysis": "New Analysis",
      "view_history": "View history",
      "export_data": "Export data",
      "recent_analyses": "Recent Analyses",
      "no_analyses": "No recent analyses",
      "view_all": "View all"
    },
    "analysis": {
      "title": "New Analysis",
      "subtitle": "Analyze CVs with AI in 4 simple steps",
      "step1_title": "Job offer entry",
      "step1_description": "Describe the position to be filled in detail. The more precise your description, the more relevant the analysis will be.",
      "step2_title": "CV Import",
      "step2_description": "Upload the CVs to analyze. Accepted formats: PDF, DOC, DOCX",
      "step3_title": "Data verification",
      "step3_description": "Verify that all information is correct before launching the analysis",
      "step4_title": "Analysis results",
      "step4_description": "View detailed results of your CV analysis",
      "job_title": "Job title",
      "job_title_placeholder": "Ex: Senior Data Scientist",
      "job_description": "Job description",
      "job_description_placeholder": "Describe the missions, responsibilities, required skills, desired experience...",
      "job_skills": "Key skills",
      "job_skills_placeholder": "Ex: Python, Machine Learning, SQL, TensorFlow (separated by commas)",
      "job_experience": "Experience level",
      "experience_levels": {
        "select": "Select level",
        "junior": "Junior (0-2 years)",
        "intermediate": "Intermediate (2-5 years)",
        "senior": "Senior (5-10 years)",
        "expert": "Expert (10+ years)"
      },
      "upload_files": "Upload files",
      "drag_drop": "Drag and drop your files here or click to select",
      "supported_formats": "Supported formats: PDF, DOC, DOCX",
      "max_files": "Maximum 10 files",
      "file_size_limit": "Max size: 5MB per file",
      "next": "Next",
      "previous": "Previous",
      "analyze": "Analyze",
      "export_results": "Export results",
      "new_analysis": "New analysis",
      "view_cv": "View CV",
      "details": "Details",
      "score": "Score",
      "status": "Status",
      "excellent": "Excellent",
      "very_good": "Very good",
      "good": "Good",
      "average": "Average",
      "poor": "Poor"
    },
    "profile": {
      "administrator": "Administrator",
      "ministry": "Ministry of Finance",
      "edit": "Edit profile",
      "change_password": "Change password",
      "settings": "Settings",
      "logout": "Logout",
      "personal_info": "Personal Information",
      "security": "Security",
      "fullname": "Full name",
      "department": "Department",
      "position": "Position",
      "phone": "Phone",
      "two_factor": "Two-factor authentication",
      "sessions": "Active sessions",
      "enable": "Enable",
      "manage": "Manage",
      "delete_account": "Delete account",
      "change_photo": "Change photo",
      "last_modified": "Last modified",
      "days_ago": "30 days ago",
      "secure_account": "Secure your account with 2FA",
      "manage_connections": "Manage your active connections",
      "danger_zone": "Danger zone",
      "irreversible_actions": "Irreversible actions that will affect your account"
    },
    "config": {
      "title": "Configuration",
      "subtitle": "Application settings and user preferences",
      "theme": "Theme",
      "language": "Language",
      "language_description": "Select the interface language",
      "notifications": "Notifications",
      "notifications_description": "Configure your notification preferences",
      "email_notifications": "Email notifications",
      "push_notifications": "Push notifications",
      "privacy": "Privacy",
      "danger_zone": "Danger zone",
      "delete_history": "Delete history",
      "reset_site": "Reset site",
      "confirm_delete": "Are you sure you want to delete the history?",
      "confirm_reset": "Are you sure you want to reset the site?",
      "history_deleted": "History deleted successfully",
      "site_reset": "Site reset successfully"
    },
    "lang": {
      "fr": "Français",
      "en": "English"
    },
    "common": {
      "save": "Save",
      "cancel": "Cancel",
      "delete": "Delete",
      "edit": "Edit",
      "close": "Close",
      "confirm": "Confirm",
      "loading": "Loading...",
      "error": "Error",
      "success": "Success",
      "warning": "Warning",
      "info": "Information"
    },
    "themes": {
      "light": "Light",
      "dark": "Dark",
      "auto": "Auto"
    }
  }
}
